Plate,Well,Well Number,Characteristics [Organism],Term Source 1 REF,Term Source 1 Accession,Characteristics [Cell Line],Term Source 2 REF,Term Source 2 Accession,Reagent Identifier,Sense Sequence,Gene Identifier,Gene Symbol,Gene Annotation Comments,Control Type,Control Comments,Quality Control,Channels,Comments,Plate index
BSF012983,A1,1,Homo sapiens,NCBITaxon,NCBITaxon_9606,HeLa,EFO,EFO_0001185,siRNA,,,,,negative control,scrambled siRNA,pass,Alexa 555,1st round of screening,A
BSF012983,A2,2,Homo sapiens,NCBITaxon,NCBITaxon_9606,HeLa,EFO,EFO_0001185,siRNA,"GGAGACCGAUAUUUAAGGA, CCUACGAAUUGGCCGACUA, GACGAGCGCUUCUGCGGUA, GAGCGUCAGUUUCGAGGGA",146,ADRA1D,NM_000678,,,pass,Alexa 555,1st round of screening,A
BSF012983,A3,3,Homo sapiens,NCBITaxon,NCBITaxon_9606,HeLa,EFO,EFO_0001185,siRNA,"GCGAUAACAUUGAUUCACA, GAUCAUGGUCUUCGUCUAC, CCAUUCAGAUGCACUGGUA, GAAGUUUACAUCCUCCUAA",154,ADRB2,NM_000024,,,pass,Alexa 555,1st round of screening,A
BSF012983,A4,4,Homo sapiens,NCBITaxon,NCBITaxon_9606,HeLa,EFO,EFO_0001185,siRNA,"CAGCUCAUGUUUCCAUAAU, CACAAUAUUUGGCAAUCUU, GGGCUUACAUUUUGCAAGA, GCAGAGCACUGAAGUACAU",9287,TAAR2,NM_014626,,,pass,Alexa 555,1st round of screening,A
BSF012983,A5,5,Homo sapiens,NCBITaxon,NCBITaxon_9606,HeLa,EFO,EFO_0001185,siRNA,"CAACACAGCUAUUUUGAUA, GCUCCAAGCCUAUUGUGAA, UCAGACGCAUGGCCAAAUA, GCAGUUGUCUCACUUACAG",165829,GPR156,NM_153002,,,pass,Alexa 555,1st round of screening,A
BSF012983,A6,6,Homo sapiens,NCBITaxon,NCBITaxon_9606,HeLa,EFO,EFO_0001185,siRNA,"GGACUUGGCAGACGAUAGA, GGAAGUGGGCUCAGUACAA, GGAUACUCCUUCUCUCUUA, ACCCUGCCCUUCAUACUUA",9340,GLP2R,NM_004246,,,pass,Alexa 555,1st round of screening,A
BSF012983,A7,7,Homo sapiens,NCBITaxon,NCBITaxon_9606,HeLa,EFO,EFO_0001185,siRNA,"GCAGAUGGGACCUGUAACA, GAGGAUGGUCGGAUUCUGA, GUCAAGUCCUGGGCUGAUA, GGACUGAUCCGCACAGGUC",80271,ITPKC,NM_025194,,,pass,Alexa 555,1st round of screening,A
BSF012983,A8,8,Homo sapiens,NCBITaxon,NCBITaxon_9606,HeLa,EFO,EFO_0001185,siRNA,"ACGAGUGGCUGAAUAAUUU, AGUCGUCAAUUAUGAGUUU, UCUGUGAGGGUGUGCAUUA, CCAGUGGGUUGCAGUCUGA",91807,MLCK,NM_182493,,,pass,Alexa 555,1st round of screening,A
BSF012983,A9,9,Homo sapiens,NCBITaxon,NCBITaxon_9606,HeLa,EFO,EFO_0001185,siRNA,"GGAAAUUUGGGAAUGUGUA, CAAGGUAGAUGUGAGGUUU, GCGCACAGCCACGAUAAUA, GGGAGAACAUAUGAUGAAA",6795,AURKC,NM_001015879,,,pass,Alexa 555,1st round of screening,A
BSF012983,A10,10,Homo sapiens,NCBITaxon,NCBITaxon_9606,HeLa,EFO,EFO_0001185,siRNA,"GAGAAGAGUUUGAGCGACG, CAGCGGCUCUUGAAACGUG, GCAAGAAGCUGUCGGAAAU, CCACACUGCUGCUGUAUGU",203,AK1,NM_000476,,,pass,Alexa 555,1st round of screening,A
BSF012983,A11,11,Homo sapiens,NCBITaxon,NCBITaxon_9606,HeLa,EFO,EFO_0001185,siRNA,"CAUGAAAGCCGGUAUCAGA, GACGCUACAUUGAUGAGUA, GAGAAAGAUUAUCAUAGUC, GCAAAUACAAUCACUCUAA",1195,CLK1,NM_001024646,,,pass,Alexa 555,1st round of screening,A
BSF012983,A12,12,Homo sapiens,NCBITaxon,NCBITaxon_9606,HeLa,EFO,EFO_0001185,siRNA,UAGGAAAUCAUGAUCAAGCAA,,,,positive control,,pass,Alexa 555,1st round of screening,A
BSF012983,B1,13,Homo sapiens,NCBITaxon,NCBITaxon_9606,HeLa,EFO,EFO_0001185,siRNA,,,,,negative control control,scrambled siRNA,pass,Alexa 555,1st round of screening,A
BSF012983,B2,14,Homo sapiens,NCBITaxon,NCBITaxon_9606,HeLa,EFO,EFO_0001185,siRNA,"CGGUGUACCUUCUCACUUU, GGCUAUAUCUGCGGUGAAA, CAGCGUGGUCUACGUCAUA, GGCAAUCACUGGUUCGUCU",2866,GPR42,NM_005305,,,pass,Alexa 555,1st round of screening,A
BSF012983,B3,15,Homo sapiens,NCBITaxon,NCBITaxon_9606,HeLa,EFO,EFO_0001185,siRNA,"AGAGUCAUAUCUUCAGUAA, GAUGUGCAUUGAAGGCAUA, UGAUGGAACCGUCUGUAUA, GUACCUGGCUUCAGAUCCA",64123,ELTD1,XM_371262,,,pass,Alexa 555,1st round of screening,A
BSF012983,B4,16,Homo sapiens,NCBITaxon,NCBITaxon_9606,HeLa,EFO,EFO_0001185,siRNA,"CAUCGACCCUUACGCCUUU, GGUCACAACUCCCGCCAAC, CAGGGUUUCUGACUUAUUU, GCAAACUGUUGGUCGCUUG",2834,GPR10,NM_004248,,,pass,Alexa 555,1st round of screening,A
BSF012983,B5,17,Homo sapiens,NCBITaxon,NCBITaxon_9606,HeLa,EFO,EFO_0001185,siRNA,"CCUCUUAUCCUGUCUCUAA, CCAGAACGGUAUUGGUGUU, GUAAGGUGCUCUCUUUCAU, UCAUCAAGCUCUGUGGUUU",680,BRS3,NM_001727,,,pass,Alexa 555,1st round of screening,A
BSF012983,B6,18,Homo sapiens,NCBITaxon,NCBITaxon_9606,HeLa,EFO,EFO_0001185,siRNA,"UCAACGGGCUGGCGCUGUA, UCACGGUGCUCAUCAUCUU, CCACGCGCUUCGCUGUGUA, UCGGUUACUUCCUCAACAU",2843,GPR20,NM_005293,,,pass,Alexa 555,1st round of screening,A
BSF012983,B7,19,Homo sapiens,NCBITaxon,NCBITaxon_9606,HeLa,EFO,EFO_0001185,siRNA,"CCACGUACCGCGUCAGCUA, AAGGCGUGCUUGAGUACAA, CAACGUCUCUGAGGUGGUC, UGGCUAAGCUCCUGUGUGA",5164,PDK2,NM_002611,,,pass,Alexa 555,1st round of screening,A
BSF012983,B8,20,Homo sapiens,NCBITaxon,NCBITaxon_9606,HeLa,EFO,EFO_0001185,siRNA,"GCCGAGAUCUGGACGAUAA, GAUACUUCAUCGAGACUUA, GAACCUAAUGUGUAGAUAU, GACCAUCUGCUAUCGAAAU",79858,NEK11,NM_145910,,,pass,Alexa 555,1st round of screening,A
BSF012983,B9,21,Homo sapiens,NCBITaxon,NCBITaxon_9606,HeLa,EFO,EFO_0001185,siRNA,"ACGAUUAGAUUCAAGCAAU, GGAGUACUGUCACGACCAU, GAAAAUCUAUCGUGAGGUU, GCUCGGACCUCAGUGGUUU",150094,SNF1LK,NM_173354,,,pass,Alexa 555,1st round of screening,A
BSF012983,B10,22,Homo sapiens,NCBITaxon,NCBITaxon_9606,HeLa,EFO,EFO_0001185,siRNA,"GGUGAAGUCUGUCUAGCAA, UAGCAUGGAUUUCAGUAAU, GGUAGUUCGUCUAUAUUAU, GAAUGGUACUGGACAAACU",9113,LATS1,NM_004690,,,pass,Alexa 555,1st round of screening,A
BSF012983,B11,23,Homo sapiens,NCBITaxon,NCBITaxon_9606,HeLa,EFO,EFO_0001185,siRNA,"GGAUUGACAUGAUAGAAUU, GGAUAGAGGUUCGUUUGAA, CAUGGAAGAUGGUAAGGUU, AGACUGUACAGAACAUUUA",5592,PRKG1,NM_006258,,,pass,Alexa 555,1st round of screening,A
BSF012983,B12,24,Homo sapiens,NCBITaxon,NCBITaxon_9606,HeLa,EFO,EFO_0001185,siRNA,UAGGAAAUCAUGAUCAAGCAA,,,,positive control,,pass,Alexa 555,1st round of screening,A
BSF012983,C1,25,Homo sapiens,NCBITaxon,NCBITaxon_9606,HeLa,EFO,EFO_0001185,siRNA,,,,,negative control,scrambled siRNA,pass,Alexa 555,1st round of screening,A
BSF012983,C2,26,Homo sapiens,NCBITaxon,NCBITaxon_9606,HeLa,EFO,EFO_0001185,siRNA,"GACCUGGACUUGAACUAAA, CAACAGCACUGGCGAGGUG, CCUAGGAAGUGCCAGUGCA, GAUCAGCGCUACACAGCCC",151306,GPBAR1,NM_170699,,,pass,Alexa 555,1st round of screening,A
BSF012983,C3,27,Homo sapiens,NCBITaxon,NCBITaxon_9606,HeLa,EFO,EFO_0001185,siRNA,"GUACAGAAGCAUAUACUGA, GAAGACAAAUCAAUGGUGU, GAAUAAGGCCAUCCAAGGA, GCAAACAACCACUUGGAGA",350383,GPR142,NM_181790,,,pass,Alexa 555,1st round of screening,A
BSF012983,C4,28,Homo sapiens,NCBITaxon,NCBITaxon_9606,HeLa,EFO,EFO_0001185,siRNA,"UCACGGUUGUCUCUUUGUA, GGUAACACAGACAGCUAUA, GAAAAUAACCAGUCCUCUA, GCACGUAUUUCCGCCCUUU",8383,OR1A1,NM_014565,,,pass,Alexa 555,1st round of screening,A
BSF012983,C5,29,Homo sapiens,NCBITaxon,NCBITaxon_9606,HeLa,EFO,EFO_0001185,siRNA,"GAUGUGCUGUGCAAGAUAG, GAAAUACAGUUCAGGAUCC, GAAUAAACCAGUAUGACUA, GCACCAAAGUCAGGGAAGA",4986,OPRK1,NM_000912,,,pass,Alexa 555,1st round of screening,A
BSF012983,C6,30,Homo sapiens,NCBITaxon,NCBITaxon_9606,HeLa,EFO,EFO_0001185,siRNA,"GCAUAUACAGCAAUUACUA, CAACAUAGUGCUCUUCCUA, GAAAUCAACAUUCUCGGAU, GGAGAAAUUUCGCAAGUAC",1233,CCR4,NM_005508,,,pass,Alexa 555,1st round of screening,A
BSF012983,C7,31,Homo sapiens,NCBITaxon,NCBITaxon_9606,HeLa,EFO,EFO_0001185,siRNA,"CGGGUUAGCUGCCCAGUGA, GCGACGAGUUCAUCUUCUA, CAAGCAAGCGUACCAUCUA, GAACACGGCACGCAAUCCA",54963,URKL1,NM_017859,,,pass,Alexa 555,1st round of screening,A
BSF012983,C8,32,Homo sapiens,NCBITaxon,NCBITaxon_9606,HeLa,EFO,EFO_0001185,siRNA,"CAUCAUUGGUUCCCACGAU, CAACAUCUGCGGUGGAGGA, UCACGGAACUGCAUAGUGG, UAAGGUAUCUGCACCAUCG",3000,GUCY2D,NM_000180,,,pass,Alexa 555,1st round of screening,A
BSF012983,C9,33,Homo sapiens,NCBITaxon,NCBITaxon_9606,HeLa,EFO,EFO_0001185,siRNA,"GCAAGCGGGUUGUUAUUGA, GAUUGAUGACGUGCUGAAA, CGACAAGGCACCUCCUGGU, CAAAGACAAUGAGUUAAGG",55450,CAMKIINALPHA,NM_018584,,,pass,Alexa 555,1st round of screening,A
BSF012983,C10,34,Homo sapiens,NCBITaxon,NCBITaxon_9606,HeLa,EFO,EFO_0001185,siRNA,"GGAAUCCACUGCUCCCGAG, GCUGGGAUCUAGCGAGAGA, ACAGUAAGACCAAGAUUGA, GCGAGGCCCAGGAGAAAUU",5585,PRKCL1,NM_213560,,,pass,Alexa 555,1st round of screening,A
BSF012983,C11,35,Homo sapiens,NCBITaxon,NCBITaxon_9606,HeLa,EFO,EFO_0001185,siRNA,"GAACCGUUACUGUGAAUGA, GAAGAAACCAGCCGAACUU, AGGCUAGCAUCUACGACAA, CCUUGGACUUUCUGCAUAA",2872,MKNK2,NM_017572,,,pass,Alexa 555,1st round of screening,A
BSF012983,C12,36,Homo sapiens,NCBITaxon,NCBITaxon_9606,HeLa,EFO,EFO_0001185,siRNA,UAGGAAAUCAUGAUCAAGCAA,,,,positive control control,,pass,Alexa 555,1st round of screening,A
BSF012983,D1,37,Homo sapiens,NCBITaxon,NCBITaxon_9606,HeLa,EFO,EFO_0001185,siRNA,,,,,negative control,,pass,Alexa 555,1st round of screening,A
BSF012983,D2,38,Homo sapiens,NCBITaxon,NCBITaxon_9606,HeLa,EFO,EFO_0001185,siRNA,"CCCUGGGUCUUCAUCCUUU, CUGCUGACAUUUCAAGCUG, CAAAGCAGAAGCCAGCGUC, GGACAGAGGAAACGUUUAU",5739,PTGIR,NM_000960,,,pass,Alexa 555,1st round of screening,A
BSF012983,D3,39,Homo sapiens,NCBITaxon,NCBITaxon_9606,HeLa,EFO,EFO_0001185,siRNA,"GAUAUGUGGCAGUAACUAA, GAUCUGCAUUGGAUUUGUA, GAAUGGCACUUAUGACUAC, GCUCACAGUCGUUAUAGUU",51554,CCRL1,NM_016557,,,pass,Alexa 555,1st round of screening,A
BSF012983,D4,40,Homo sapiens,NCBITaxon,NCBITaxon_9606,HeLa,EFO,EFO_0001185,siRNA,"CCGGUGAGCUGCAAGAUUU, CCAAUGGGCCCAAUUCAAA, CCACCUGGUUGAAGUAGUA, CGAACCUGGUCCAACUAUA",799,CALCR,NM_001742,,,pass,Alexa 555,1st round of screening,A
BSF012983,D5,41,Homo sapiens,NCBITaxon,NCBITaxon_9606,HeLa,EFO,EFO_0001185,siRNA,"GGUAUUGGUUUGAUCCUGA, CAAGAACAAUAUACCAAGA, ACUCUGACCUUGUCUGGAA, GAUCCUCAGUAGUGUCUUU",2798,GNRHR,NM_001012763,,,pass,Alexa 555,1st round of screening,A
BSF012983,D6,42,Homo sapiens,NCBITaxon,NCBITaxon_9606,HeLa,EFO,EFO_0001185,siRNA,"GGUCUCACAUCAAUGGAAA, CUGGGCAUCUACACUAUUA, GGUCAUAUCCAUCUUCUAC, GGCAAUGUCUUUAAUCUCG",10663,CXCR6,NM_006564,,,pass,Alexa 555,1st round of screening,A
BSF012983,D7,43,Homo sapiens,NCBITaxon,NCBITaxon_9606,HeLa,EFO,EFO_0001185,siRNA,"CGCCAAGCCUGUCACCGUA, GACCGUGUCCUUACCGUGA, GAACAAGUUUGGCAGCAUC, UGUCGGACCUGGUGUCUGA",2261,FGFR3,NM_022965,,,pass,Alexa 555,1st round of screening,A
BSF012983,D8,44,Homo sapiens,NCBITaxon,NCBITaxon_9606,HeLa,EFO,EFO_0001185,siRNA,"AAACAUACGUGAAACUGGA, GCAAGAUCCUGCACCGGGA, AAAGGGCGCAGCAAACUGA, GCUCGGUCCUCUUGGCAGA",5129,PCTK3,NM_212502,,,pass,Alexa 555,1st round of screening,A
BSF012983,D9,45,Homo sapiens,NCBITaxon,NCBITaxon_9606,HeLa,EFO,EFO_0001185,siRNA,"GGGCCAAGCCUCUGUUAAA, UGUCAUCACUCGAGCAGAA, ACAAUGUGGUGCAUAUGAA, CAAGGAAGGACAAGGUUCA",8798,DYRK4,NM_003845,,,pass,Alexa 555,1st round of screening,A
BSF012983,D10,46,Homo sapiens,NCBITaxon,NCBITaxon_9606,HeLa,EFO,EFO_0001185,siRNA,"CCAGCUGGAUCGCCAUCUA, AAGCUCCAGUUCUCCUUUA, GAAGCAGGUCGAGCACAUA, GUUCCUAGCCAAAGCCAGA",5568,PRKACG,NM_002732,,,"fail, n to low",Alexa 555,1st round of screening,A
BSF012983,D11,47,Homo sapiens,NCBITaxon,NCBITaxon_9606,HeLa,EFO,EFO_0001185,siRNA,"GUAAUAAUGAUGGUCGUAA, GAAGAGAAUUGGCUGUUAA, GUACACAGGCUACUAAUUU, GAACAUAUCCAAGAAGGUA",10746,MAP3K2,NM_006609,,,pass,Alexa 555,1st round of screening,A
BSF012983,D12,48,Homo sapiens,NCBITaxon,NCBITaxon_9606,HeLa,EFO,EFO_0001185,siRNA,UAGGAAAUCAUGAUCAAGCAA,,,,positive control,,pass,Alexa 555,1st round of screening,A
BSF012983,E1,49,Homo sapiens,NCBITaxon,NCBITaxon_9606,HeLa,EFO,EFO_0001185,siRNA,UAGGAAAUCAUGAUCAAGCAA,,,,positive control,,pass,Alexa 555,1st round of screening,A
BSF012983,E2,50,Homo sapiens,NCBITaxon,NCBITaxon_9606,HeLa,EFO,EFO_0001185,siRNA,"AGCCUAAAGUGAUUCAAUA, GAGCAGGGCGACACGAUGU, GUCAAGAUCUUCUCCUCGA, CGGGAGUGCUGGUACCCAA",94,ACVRL1,NM_000020,,,pass,Alexa 555,1st round of screening,A
BSF012983,E3,51,Homo sapiens,NCBITaxon,NCBITaxon_9606,HeLa,EFO,EFO_0001185,siRNA,"CCUUUGAUGUGGCGUAUGA, UCAUGAAGGUGCAAGUUUA, GAGAAAGCUUAGGCUGUUA, GGAUCGAGUUUAUUGGAAU",9061,PAPSS1,NM_005443,,,pass,Alexa 555,1st round of screening,A
BSF012983,E4,52,Homo sapiens,NCBITaxon,NCBITaxon_9606,HeLa,EFO,EFO_0001185,siRNA,"GGACAAGUGUUAUCGCUUA, ACUGGACGCUCUUGUGUAA, GCAAAUUGUAUGCAGUAAA, CCAUUGAGACGAAAGGUUU",84930,MASTL,NM_032844,,,pass,Alexa 555,1st round of screening,A
BSF012983,E5,53,Homo sapiens,NCBITaxon,NCBITaxon_9606,HeLa,EFO,EFO_0001185,siRNA,"AAUUGAACCUGCCGGAUUA, CGGCUGAUGUUCUCGAAUU, GGAGAGAUAUGUCAAGUCU, GCGAAUGUAUGCAGGACUU",8019,BRD3,NM_007371,,,pass,Alexa 555,1st round of screening,A
BSF012983,E6,54,Homo sapiens,NCBITaxon,NCBITaxon_9606,HeLa,EFO,EFO_0001185,siRNA,"UCACCUGGACAAAGCGAUU, UACUAAGGGAUGCGAUAAA, GGUGAAAUCGUCCGCAACA, UGGGAGAGCUGGUUCGACU",3098,HK1,NM_000188,,,pass,Alexa 555,1st round of screening,A
BSF012983,E7,55,Homo sapiens,NCBITaxon,NCBITaxon_9606,HeLa,EFO,EFO_0001185,siRNA,"CGAAGAGUGAUCACGAUUU, CAAAGAAGGGUGUGAAACA, GAAUGUAAGCGUUCACGAA, GCAACAAACCAUGGAACUA",699,BUB1,NM_004336,,,pass,Alexa 555,1st round of screening,A
BSF012983,E8,56,Homo sapiens,NCBITaxon,NCBITaxon_9606,HeLa,EFO,EFO_0001185,siRNA,"CGGCAAAUGUAGUGUAUUA, GAACCAACUUGCACAGAGA, GGUCUGAAUUACCAUAAGA, GGAGAUAGCCAUCCAGCAU",5587,PRKCM,NM_002742,,,pass,Alexa 555,1st round of screening,A
BSF012983,E9,57,Homo sapiens,NCBITaxon,NCBITaxon_9606,HeLa,EFO,EFO_0001185,siRNA,"GAGAUUAACAAGCGGAUCA, GAACCGAGGCGAAUUGUGA, GAUAUGAGUUGCAGGUGAA, CGAGAGUGGUCAAGGUUAA",1742,DLG4,NM_001365,,,pass,Alexa 555,1st round of screening,A
BSF012983,E10,58,Homo sapiens,NCBITaxon,NCBITaxon_9606,HeLa,EFO,EFO_0001185,siRNA,"GUUAUACACUUUCGGAUAU, CCAAGGGCCUCGCGGAUAU, UCAGAGAACGGCUACAUUA, GAAAGGCACGUAUGGGAUU",389840,MAP3K15,NM_001001671,,,pass,Alexa 555,1st round of screening,A
BSF012983,E11,59,Homo sapiens,NCBITaxon,NCBITaxon_9606,HeLa,EFO,EFO_0001185,siRNA,"CCACCAAGCGCCAGAAGUA, CCUCCGAAUUCUCAACAUA, CGACUACUCUUACCUACGU, GAUCAGCCGCAUCGAGUAU",1454,CSNK1E,NM_001894,,,pass,Alexa 555,1st round of screening,A
BSF012983,E12,60,Homo sapiens,NCBITaxon,NCBITaxon_9606,HeLa,EFO,EFO_0001185,siRNA,,,,,negative control,,pass,Alexa 555,1st round of screening,A
BSF012983,F1,61,Homo sapiens,NCBITaxon,NCBITaxon_9606,HeLa,EFO,EFO_0001185,siRNA,UAGGAAAUCAUGAUCAAGCAA,,,,positive control,,pass,Alexa 555,1st round of screening,A
BSF012983,F2,62,Homo sapiens,NCBITaxon,NCBITaxon_9606,HeLa,EFO,EFO_0001185,siRNA,"GGUUAUAUCUCAUCUUUGA, UCGGGAAAUUUCUCUAUUA, GUAUAAGGGUAGACACAAA, CAAACGAAUUUCUGGCAAA",983,CDC2,NM_033379,,,pass,Alexa 555,1st round of screening,A
BSF012983,F3,63,Homo sapiens,NCBITaxon,NCBITaxon_9606,HeLa,EFO,EFO_0001185,siRNA,"GAAAUUAUCAUCCGACUAU, GGAGGGAUCUUCUUUAAUU, UUACCGAGAUGCCGUAUUA, CAAGUUAUUUCAAGGCAAA",120892,LRRK2,NM_198578,,,pass,Alexa 555,1st round of screening,A
BSF012983,F4,64,Homo sapiens,NCBITaxon,NCBITaxon_9606,HeLa,EFO,EFO_0001185,siRNA,"GAAGGACUAUGCUGACCGA, GGUCGGGAAACGUGGCUGA, GAACACAGUGGGCCGAAGA, GAACUCUGGUCCCGGCUAC",64122,FN3K,NM_022158,,,pass,Alexa 555,1st round of screening,A
BSF012983,F5,65,Homo sapiens,NCBITaxon,NCBITaxon_9606,HeLa,EFO,EFO_0001185,siRNA,"GCUAUGUGCGGGAGUAUAU, GAUCGAGCGUCUCAUCACA, GUGGCCAACUGGAGAUCUA, GGAACGAAGUGACCCGUCU",5297,PIK4CA,NM_002650,,,pass,Alexa 555,1st round of screening,A
BSF012983,F6,66,Homo sapiens,NCBITaxon,NCBITaxon_9606,HeLa,EFO,EFO_0001185,siRNA,"CUACAAACUUCGCAAGGAA, GCAGUACGAUGGCAAAGUG, GAGGUGCGGUUCUUACAGA, GCUCUGACAACCUAUAUGA",9344,TAO1,NM_004783,,,pass,Alexa 555,1st round of screening,A
BSF012983,F7,67,Homo sapiens,NCBITaxon,NCBITaxon_9606,HeLa,EFO,EFO_0001185,siRNA,"GCCACACUCUGCACCGCUA, CCACAGAAUUGGAGGCUAC, CAAAUGCCCUUCCAGUGGG, GAAAUUGCAUGCAGUGCCG",2260,FGFR1,NM_023110,,,pass,Alexa 555,1st round of screening,A
BSF012983,F8,68,Homo sapiens,NCBITaxon,NCBITaxon_9606,HeLa,EFO,EFO_0001185,siRNA,"UGGAAGAGAUCACAGGUUA, GAGACCCGCUGAACAAUAC, GGAGGAAUGCCGAGUACUG, GCUCAUCGCUCACAACCAA",2064,ERBB2,NM_004448,,,pass,Alexa 555,1st round of screening,A
BSF012983,F9,69,Homo sapiens,NCBITaxon,NCBITaxon_9606,HeLa,EFO,EFO_0001185,siRNA,"GCAGAUGUCCCUAAGGUAG, GUUAAUCGCCUUAGAAAUG, GCACAAUUAUUUCACGCUU, CCAACAAGCUGGUGGCCUG",55224,FLJ10761,NM_018208,,,pass,Alexa 555,1st round of screening,A
BSF012983,F10,70,Homo sapiens,NCBITaxon,NCBITaxon_9606,HeLa,EFO,EFO_0001185,siRNA,"GGACUCAAUGAAUUCAAUA, GGAAUCCUUCAUAGAGAUA, AGACAAAGCCUCCUAUCGA, GUAGUAACAUCACGAACCA",91754,NEK9,NM_033116,,,pass,Alexa 555,1st round of screening,A
BSF012983,F11,71,Homo sapiens,NCBITaxon,NCBITaxon_9606,HeLa,EFO,EFO_0001185,siRNA,"CAAGAAACGACACCGGAUA, GAAUUUAAGUCGUGUGUUC, GCAAUGAUAUUUGGGACUA, CGCAACAGCUUAUGGAAUU",2322,FLT3,NM_004119,,,fail not dividing,Alexa 555,1st round of screening,A
BSF012983,F12,72,Homo sapiens,NCBITaxon,NCBITaxon_9606,HeLa,EFO,EFO_0001185,siRNA,,,,,negative control,,pass,Alexa 555,1st round of screening,A
BSF012983,G1,73,Homo sapiens,NCBITaxon,NCBITaxon_9606,HeLa,EFO,EFO_0001185,siRNA,UAGGAAAUCAUGAUCAAGCAA,,,,positive control,,pass,Alexa 555,1st round of screening,A
BSF012983,G2,74,Homo sapiens,NCBITaxon,NCBITaxon_9606,HeLa,EFO,EFO_0001185,siRNA,"GCACGUUGAUGUGAAGAUA, GUGCAGAACUCUACGAGAA, GGUGUAUGAUCUAAUGAGA, GAUCAAUGGUGCUUAUUUC",7010,TEK,NM_000459,,,pass,Alexa 555,1st round of screening,A
BSF012983,G3,75,Homo sapiens,NCBITaxon,NCBITaxon_9606,HeLa,EFO,EFO_0001185,siRNA,"CAAUAGAAGUGUUAUGUGA, GAGAUAAGAUGCAACAAUC, GGACACAACACUCGAGGAA, GCUGGGACCUAGUUUGGAA",1456,CSNK1G3,NM_001031812,,,pass,Alexa 555,1st round of screening,A
BSF012983,G4,76,Homo sapiens,NCBITaxon,NCBITaxon_9606,HeLa,EFO,EFO_0001185,siRNA,"GAUCCGACUUUCAGAUUUC, CUACGAGUCUUCUAGCUUC, GGGAGACUCUGCUGCUAUA, CGAGAAGCUUCGAGAGUUG",5261,PHKG2,NM_000294,,,pass,Alexa 555,1st round of screening,A
BSF012983,G5,77,Homo sapiens,NCBITaxon,NCBITaxon_9606,HeLa,EFO,EFO_0001185,siRNA,"GAUCCGAAGUGCCUAUAUU, UCAUGAGAGUGAUGUGAUA, GUGCAUCUCUCCACAUUCA, AAACGUGACAGCAAUCAUA",131096,KCNH8,NM_144633,,,pass,Alexa 555,1st round of screening,A
BSF012983,G6,78,Homo sapiens,NCBITaxon,NCBITaxon_9606,HeLa,EFO,EFO_0001185,siRNA,"GGAGAGAGAUACCGUUUUA, CGAAUCAGGUAGUUCAGUU, GGUCAUCAACAUUCCAUAA, GAACAGUUAUUUCCACGGA",11183,MAP4K5,NM_006575,,,pass,Alexa 555,1st round of screening,A
BSF012983,G7,79,Homo sapiens,NCBITaxon,NCBITaxon_9606,HeLa,EFO,EFO_0001185,siRNA,"GAACAAGAUCGACGUCAAU, CGACGGCUGUCAUCAGUUA, GGUCUUGGCCCUAAUAUGC, GCGAGGCCUUCAACUUAUG",57143,ADCK1,NM_020421,,,pass,Alexa 555,1st round of screening,A
BSF012983,G8,80,Homo sapiens,NCBITaxon,NCBITaxon_9606,HeLa,EFO,EFO_0001185,siRNA,"GGACAGAAUAUUCAAUGUA, GAGCAAGGCAUUAUACCAA, AGAAAUAGCAUUACUUCGA, CGUCAGAACCAAUAUUUCA",1024,CDK8,NM_001260,,,pass,Alexa 555,1st round of screening,A
BSF012983,G9,81,Homo sapiens,NCBITaxon,NCBITaxon_9606,HeLa,EFO,EFO_0001185,siRNA,"GAACUUUGCUGUCGUGCUU, GCAAAAGGCUUGAUAGAGA, ACAACUAGGUCGAUUGAAA, GAACCCUGCCCUAUGUAUA",5288,PIK3C2G,NM_004570,,,pass,Alexa 555,1st round of screening,A
BSF012983,G10,82,Homo sapiens,NCBITaxon,NCBITaxon_9606,HeLa,EFO,EFO_0001185,siRNA,"GAUGGGACCCGAGUGUAUA, GAUAUGGUGUGUGGAGAUA, UCGAGAGGCCCGACAGUUU, GGGGAGAGCUGCCUAAUGG",5292,PIM1,NM_002648,,,pass,Alexa 555,1st round of screening,A
BSF012983,G11,83,Homo sapiens,NCBITaxon,NCBITaxon_9606,HeLa,EFO,EFO_0001185,siRNA,"GGACAUUGCCUCAGCUGAU, GAACAUGCGCCAGUCACUA, GAACUUAAUGCCCUCAUGU, GAAAGCCACUCGUAUUCCU",7786,MAP3K12,NM_006301,,,pass,Alexa 555,1st round of screening,A
BSF012983,G12,84,Homo sapiens,NCBITaxon,NCBITaxon_9606,HeLa,EFO,EFO_0001185,siRNA,,,,,negative control,,pass,Alexa 555,1st round of screening,A
BSF012983,H1,85,Homo sapiens,NCBITaxon,NCBITaxon_9606,HeLa,EFO,EFO_0001185,siRNA,UAGGAAAUCAUGAUCAAGCAA,,,,positive control,,pass,Alexa 555,1st round of screening,A
BSF012983,H2,86,Homo sapiens,NCBITaxon,NCBITaxon_9606,HeLa,EFO,EFO_0001185,siRNA,"CCGAGAGGUAUGACAUCAA, GCACAGAGCCCGGAAGAGU, GCUGAAGGACCUCAACUUU, GAUUACAGCCUCCUGAUAG",138429,PIP5KL1,NM_173492,,,pass,Alexa 555,1st round of screening,A
BSF012983,H3,87,Homo sapiens,NCBITaxon,NCBITaxon_9606,HeLa,EFO,EFO_0001185,siRNA,"CCGGAGAUCUCGCGGAUUA, AAGUGACGGUGCUGAAAUA, GCUAGUAUGUUGUCCAAAA, CAUCAAUGAGGAUAGGAUA",10769,PLK2,NM_006622,,,pass,Alexa 555,1st round of screening,A
BSF012983,H4,88,Homo sapiens,NCBITaxon,NCBITaxon_9606,HeLa,EFO,EFO_0001185,siRNA,"GAAACUAUUCCGCGAAGUA, GCGGAGAGGUAUUUGAUUA, GAAGUUGGCCCGACACAUC, GAAGUUUAUUGUCCAUAGA",2011,MARK2,NM_004954,,,pass,Alexa 555,1st round of screening,A
BSF012983,H5,89,Homo sapiens,NCBITaxon,NCBITaxon_9606,HeLa,EFO,EFO_0001185,siRNA,"GAGAUGGCCAGGUCAAUUA, GGAUGGAGAUGGCACUAUC, CGAGAGGCGUUCCGUGUCU, AGAGCUGCGUCACGUAAUG",808,CALM3,NM_005184,,,pass,Alexa 555,1st round of screening,A
BSF012983,H6,90,Homo sapiens,NCBITaxon,NCBITaxon_9606,HeLa,EFO,EFO_0001185,siRNA,"GAUAGACGCUUCAUGUUAA, CGGCAUAGCUAUAUUGACA, GGACCCAGCUGACAGAUAC, GCAGCACAUUGUCUAAUAG",6792,CDKL5,NM_001037343,,,pass,Alexa 555,1st round of screening,A
BSF012983,H7,91,Homo sapiens,NCBITaxon,NCBITaxon_9606,HeLa,EFO,EFO_0001185,siRNA,"GAACAGCGACGAUGCUUAU, AUAGGGAACUGCAUGGAUA, GACAGUAAGAGUUCAAGUA, CCACGCACCUCGUCACCAA",23387,KIAA0999,NM_025164,,,pass,Alexa 555,1st round of screening,A
BSF012983,H8,92,Homo sapiens,NCBITaxon,NCBITaxon_9606,HeLa,EFO,EFO_0001185,siRNA,"GAUCGGAUGUGUUCAUUAA, GAACAGAGGUAUUUUGGUA, CGAAUAGUAUGUCAGAUGA, GUGAGGAGUUGGAUAAUCA",10114,HIPK3,NM_005734,,,pass,Alexa 555,1st round of screening,A
BSF012983,H9,93,Homo sapiens,NCBITaxon,NCBITaxon_9606,HeLa,EFO,EFO_0001185,siRNA,"GACCGGAUGUUAACCUUUA, CCUGCGACCUUAAGAUUUG, CCAAUAAACGGAUCACAGU, AGACUGACCUGUACAAGUU",5595,MAPK3,NM_002746,,,pass,Alexa 555,1st round of screening,A
BSF012983,H10,94,Homo sapiens,NCBITaxon,NCBITaxon_9606,HeLa,EFO,EFO_0001185,siRNA,"ACUAGCAGCCAAAGAGAGA, GGCUGAAAUUGUAACCCUA, CCACUCGACUUCUGAACUG, GAAGUCGGCCACACUCAGA",89882,NYD-SP25,NM_001001875,,,pass,Alexa 555,1st round of screening,A
BSF012983,H11,95,Homo sapiens,NCBITaxon,NCBITaxon_9606,HeLa,EFO,EFO_0001185,siRNA,"GAAGAUACACAUUACGAUA, GCAUAAGGCUGACAUAAUU, GCAAAGAGCUGGAGAUAGC, GUUCAGACUUAUAUGCUUA",56164,STK31,NM_031414,,,pass,Alexa 555,1st round of screening,A
BSF012983,H12,96,Homo sapiens,NCBITaxon,NCBITaxon_9606,HeLa,EFO,EFO_0001185,siRNA,,,,,negative control,,pass,Alexa 555,1st round of screening,A
